PARROQUIA,MUNICIPIO,ESTADO
El Vnculo,Falcn,Falcn
Jadacaquiva,Falcn,Falcn
Adcora,Falcn,Falcn
Pueblo Nuevo,Falcn,Falcn
El Hato,Falcn,Falcn
Los Taques,Los Taques,Falcn
Adaure,Falcn,Falcn
Baraived,Falcn,Falcn
Buena Vista,Falcn,Falcn
Moruy,Falcn,Falcn
Alta Guajira,Pez,Zulia
Santa Ana,Carirubana,Falcn
Judibana,Los Taques,Falcn
Punta Cardn,Carirubana,Falcn
Tacuato,Carirubana,Falcn
Norte,Carirubana,Falcn
Carirubana,Carirubana,Falcn
Mitare,Miranda,Falcn
San Gabriel,Miranda,Falcn
Tocopero,Tocopero,Falcn
Puerto Cumarebo,Zamora,Falcn
Pueblo Cumarebo,Zamora,Falcn
La Vela de Coro,Colina,Falcn
Guajira,Pez,Zulia
Pritu,Pritu,Falcn
Santa Ana,Miranda,Falcn
La Cinaga,Zamora,Falcn
La Soledad,Zamora,Falcn
Guaibacoa,Colina,Falcn
San Jos de la Costa,Pritu,Falcn
Las Calderas,Colina,Falcn
San Antonio,Miranda,Falcn
Guzmn Guillermo,Miranda,Falcn
Ro Seco,Miranda,Falcn
Zazrida,Zamora,Falcn
Sabaneta,Miranda,Falcn
La Pastora,Acosta,Falcn
Urumaco,Urumaco,Falcn
Acurgua,Colina,Falcn
Zazrida,Buchivacoa,Falcn
Macoruca,Colina,Falcn
San Francisco,San Francisco,Falcn
Jacura,Jacura,Falcn
Sinamaica,Pez,Zulia
Capatrida,Buchivacoa,Falcn
Carinagua,Petit,Falcn
Colina,Petit,Falcn
Borojo,Buchivacoa,Falcn
Agua Linda,Jacura,Falcn
Antoln del Campo,Antoln del Campo,Nueva Esparta
San Juan de los Cayos,Acosta,Falcn
Capadare,Acosta,Falcn
La Pea,Bolvar,Falcn
Agua Clara,Democracia,Falcn
Cabudare,Petit,Falcn
Elas Snchez Rubio,Pez,Zulia
Matasiete,Gmez,Nueva Esparta
Bruzual,Urumaco,Falcn
Sucre,Gmez,Nueva Esparta
San Luis,Bolvar,Falcn
Marcano,Marcano,Nueva Esparta
Pecaya,Sucre,Falcn
Gmez,Gmez,Nueva Esparta
Pedregal,Democracia,Falcn
Casigua,Mauroa,Falcn
Pennsula de Macanao,Pennsula de Macanao,Nueva Esparta
Sucre,Sucre,Falcn
Guevara,Gmez,Nueva Esparta
Luis de Vicente,Mara,Zulia
Dabajuro,Dabajuro,Falcn
Adrin,Marcano,Nueva Esparta
San Francisco,Pennsula de Macanao,Nueva Esparta
Arismendi,Arismendi,Nueva Esparta
Bolvar,Gmez,Nueva Esparta
Zabala,Daz,Nueva Esparta
Libertador,Acosta,Falcn
Daz,Daz,Nueva Esparta
Aracua,Bolvar,Falcn
Maneiro,Maneiro,Nueva Esparta
El Charal,Unin,Falcn
Cacique Manaure,Cacique Manaure,Falcn
Boca de Tocuyo,Monseor Iturriza,Falcn
Las Parcelas,Mara,Zulia
Aguirre,Maneiro,Nueva Esparta
Tubores,Tubores,Nueva Esparta
Tocuyo de la Costa,Monseor Iturriza,Falcn
Garca,Garca,Nueva Esparta
Saque,Buchivacoa,Falcn
Francisco Fajardo,Garca,Nueva Esparta
Mario,Mario,Nueva Esparta
Araurima,Jacura,Falcn
Chichiriviche,Monseor Iturriza,Falcn
San Flix,Mauroa,Falcn
San Rafael,Mara,Zulia
Los Barales,Tubores,Nueva Esparta
Fara,Miranda,Zulia
Agua Larga,Federacin,Falcn
Fara,Miranda,Zulia
Fara,Miranda,Zulia
Fara,Miranda,Zulia
Santa Cruz de Bucaral,Unin,Falcn
Fara,Miranda,Zulia
Monseor Marcos Sergio Godoy,Mara,Zulia
Fara,Miranda,Zulia
Fara,Miranda,Zulia
Maparari,Federacin,Falcn
Churuguara,Federacin,Falcn
Avaria,Democracia,Falcn
Piedra Grande,Democracia,Falcn
Purureche,Democracia,Falcn
La Sierrita,Mara,Zulia
Tamare,Mara,Zulia
Tucacas,Silva,Falcn
Villalba,Tubores,Nueva Esparta
Las Vegas del Tuy,Unin,Falcn
Ricaurte,Mara,Zulia
Villalba,Villalba,Nueva Esparta
Pauj,Federacin,Falcn
Vicente Fuentes,Villalba,Nueva Esparta
Antonio Jos de Sucre,Arismendi,Sucre
Ana Mara Campos,Miranda,Zulia
Cristbal Coln,Valdz,Sucre
San Jos,Miranda,Zulia
Independencia,Federacin,Falcn
Bariro,Buchivacoa,Falcn
Jos Ramn Ypez,Jess Enrique Lossada,Zulia
Juan de las Galdonas,Arismendi,Sucre
El Morro de Puerto Santo,Arismendi,Sucre
Ro Caribe,Arismendi,Sucre
Altagracia,Miranda,Zulia
San Jos,Jess Enrique Lossada,Zulia
Venancio Pulgar,Maracaibo,Zulia
Idelfonso Vsquez,Maracaibo,Zulia
Marabal,Mario,Sucre
Manuel Monge,Manuel Monge,Yaracuy
Palmasola,Palmasola,Falcn
San Antonio de Irapa,Mario,Sucre
Giria,Valdz,Sucre
Punta de Piedra,Valdz,Sucre
Irapa,Mario,Sucre
Bideau,Valdz,Sucre
Puerto Santo,Arismendi,Sucre
Soro,Mario,Sucre
Libertad,Cajigal,Sucre
Chacopata,Cruz Salmern Acosta,Sucre
Coquivacoa,Maracaibo,Zulia
Siquisique,Urdaneta,Lara
Santa Teresa,Bermdez,Sucre
Bolvar,Bermdez,Sucre
Xaguas,Urdaneta,Lara
Juana de vila,Maracaibo,Zulia
Boca de Aroa,Silva,Falcn
El Paujil,Cajigal,Sucre
Mene Mauroa,Mauroa,Falcn
San Isidro,Maracaibo,Zulia
Antonio Borjas Romero,Maracaibo,Zulia
Santa Catalina,Bermdez,Sucre
Campo Claro,Mario,Sucre
Santa Rosa,Bermdez,Sucre
Macarapana,Bermdez,Sucre
San Jos de Aerocuar,Andrs Mata,Sucre
Caracciolo Parra Prez,Maracaibo,Zulia
Yaguaraparo,Cajigal,Sucre
Mario,Andrs Eloy BLanco,Sucre
San Miguel,Urdaneta,Lara
Moroturo,Urdaneta,Lara
Olegario Villalobos,Maracaibo,Zulia
Cariaco,Ribero,Sucre
Chiquinquir,Maracaibo,Zulia
Araya,Cruz Salmern Acosta,Sucre
Ral Leoni,Maracaibo,Zulia
San Antonio,Miranda,Zulia
Guajiro,Buchivacoa,Falcn
La Concepcin,Jess Enrique Lossada,Zulia
Tunapuicito,Bentez,Sucre
Francisco Eugenio Bustamante,Maracaibo,Zulia
Cacique Mara,Maracaibo,Zulia
Santa Luca,Maracaibo,Zulia
Bolvar,Maracaibo,Zulia
Tunapuy,Libertador,Sucre
El Rincn,Bentez,Sucre
El Pilar,Bentez,Sucre
Campo Elas,Libertador,Sucre
Higuerote,Brin,Miranda
Manicure,Cruz Salmern Acosta,Sucre
Cecilio Acosta,Maracaibo,Zulia
Cristo de Aranza,Maracaibo,Zulia
Bolvar,Bolvar,Yaracuy
El Rosario,Rosario de Perij,Zulia
General Francisco Antonio Vasquez,Bentez,Sucre
Caruao,Vargas,Vargas
Naiguat,Vargas,Vargas
Manuel Dagnino,Maracaibo,Zulia
Luis Hurtado Higuera,Maracaibo,Zulia
Caraballeda,Vargas,Vargas
Pedro Lucas Uribarri,Santa Rita,Zulia
Jos Cenovio Uribarri,Santa Rita,Zulia
Guaranos,Bentez,Sucre
Ral Leoni,Vargas,Vargas
Macuto,Vargas,Vargas
Marcial Hernndez,San Francisco,Zulia
Catia La Mar,Vargas,Vargas
La Guaira,Vargas,Vargas
Maiqueta,Vargas,Vargas
Carlos Soublette,Vargas,Vargas
Albarico,San Felipe,Yaracuy
Francisco Ochoa,San Francisco,Zulia
Tavera Acosta,Andrs Mata,Sucre
Veroes,Veroes,Yaracuy
Mariano Parra Len,Jess Enrique Lossada,Zulia
Domitila Flores,San Francisco,Zulia
Unin,Bentez,Sucre
San Francisco,San Francisco,Zulia
Santa Rita,Santa Rita,Zulia
Carayaca,Vargas,Vargas
Urama,Juan Jos Mora,Carabobo
Morn,Juan Jos Mora,Carabobo
Sucre,Libertador,Distrito Capital
Montes de Oca,Torres,Lara
Guatire,Zamora,Miranda
Curiepe,Brin,Miranda
La Pastora,Libertador,Distrito Capital
Altagracia,Libertador,Distrito Capital
San Bernardino,Libertador,Distrito Capital
El Recreo,Libertador,Distrito Capital
Chacao,Chacao,Miranda
Leoncio Martnez,Sucre,Miranda
Caucagita,Sucre,Miranda
Guarenas,Plaza,Miranda
Los Cortijos,San Francisco,Zulia
Simn Bolvar,Zamora,Miranda
Petare,Sucre,Miranda
El Bajo,San Francisco,Zulia
Tovar,Tovar,Aragua
Rendn,Ribero,Sucre
Chuao,Santiago Mario,Aragua
El Junquito,Libertador,Distrito Capital
Capaya,Acevedo,Miranda
El Guayabo,Veroes,Yaracuy
San Jos,Libertador,Distrito Capital
Andrs Bello,La Caada de Urdaneta,Zulia
Aguedo Felipe Alvarado,Iribarren,Lara
Chiquinquir,La Caada de Urdaneta,Zulia
Choron,Girardot,Aragua
Meja,Meja,Sucre
Candelaria,Libertador,Distrito Capital
23 de Enero,Libertador,Distrito Capital
Valentn Valiente,Sucre,Sucre
Santa Ins,Sucre,Sucre
El Mene,Santa Rita,Zulia
Catedral,Libertador,Distrito Capital
El Junko,Vargas,Vargas
Altagracia,Sucre,Sucre
San Juan,Libertador,Distrito Capital
Ocumare de La Costa,Mario Briceo Iragorry,Aragua
Santa Teresa,Libertador,Distrito Capital
Ayacucho,Sucre,Sucre
Santa Rosala,Libertador,Distrito Capital
San Agustn,Libertador,Distrito Capital
El Paraso,Libertador,Distrito Capital
San Pedro,Libertador,Distrito Capital
La Dolorita,Sucre,Miranda
Juan Jos Flores,Puerto Cabello,Carabobo
Baruta,Baruta,Miranda
Antmano,Libertador,Distrito Capital
Reyes Varvas,Torres,Lara
Bolvar,Bolvar,Sucre
Fraternidad,Puerto Cabello,Carabobo
El Cafetal,Baruta,Miranda
Borburata,Puerto Cabello,Carabobo
Catuaro,Ribero,Sucre
Las Minas de Baruta,Baruta,Miranda
Arstides Calvani,Cabimas,Zulia
La Vega,Libertador,Distrito Capital
Unin,Puerto Cabello,Carabobo
El Caf,Acevedo,Miranda
Patanemo,Puerto Cabello,Carabobo
Freitez,Crespo,Lara
Jos Mara Blanco,Crespo,Lara
El Valle,Libertador,Distrito Capital
Ral Cuenca,Valmore Rodrguez,Zulia
Trinidad Samuel,Torres,Lara
San Benito,Cabimas,Zulia
El Blanco,Torres,Lara
Goaigoaza,Puerto Cabello,Carabobo
Eleazar Lpez Contreras,Lagunillas,Zulia
Bartolom Salom,Puerto Cabello,Carabobo
El Hatillo,El Hatillo,Miranda
Macarao,Libertador,Distrito Capital
Filas de Mariches,Sucre,Miranda
Coche,Libertador,Distrito Capital
Germn Ros Linares,Cabimas,Zulia
Concepcin,La Caada de Urdaneta,Zulia
Cariaco,Libertador,Distrito Capital
Chiquinquir,Torres,Lara
Santa Cruz,Ribero,Sucre
Tacarigua,Brin,Miranda
Ambrosio,Cabimas,Zulia
El Jarillo,Guaicaipuro,Miranda
Democracia,Puerto Cabello,Carabobo
San Juan,Sucre,Sucre
San Antonio de los Altos,Los Salias,Miranda
Caucagua,Acevedo,Miranda
Rmulo Gallegos,Andrs Eloy BLanco,Sucre
Rmulo Betancourt,Cabimas,Zulia
Santa Luca,Paz Castillo,Miranda
Canoabo,Bejuma,Carabobo
Tamaca,Iribarren,Lara
Mamporal,Buroz,Miranda
San Pedro,Guaicaipuro,Miranda
El Carmelo,La Caada de Urdaneta,Zulia
Carmen Herrera,Cabimas,Zulia
San Fernando,Montes,Sucre
Jorge Hernndez,Cabimas,Zulia
Paparo,Pez,Miranda
San Felipe,San Felipe,Yaracuy
La Rosa,Cabimas,Zulia
Cocorote,Cocorote,Yaracuy
Independencia,Independencia,Yaracuy
San Jos de Barlovento,Andrs Bello,Miranda
Los Teques,Guaicaipuro,Miranda
San Javier,San Felipe,Yaracuy
Altagracia,Torres,Lara
Carrizal,Carrizal,Miranda
Cecilio Acosta,Guaicaipuro,Miranda
Rafael Urdaneta,Simn Bolvar,Zulia
Punta Gorda,Cabimas,Zulia
Arvalo Aponte,Santiago Mario,Aragua
Ro Chico,Pez,Miranda
Libertad,Machiques de Perij,Zulia
Santa Mara,Ribero,Sucre
Guacara,Guacara,Carabobo
Las Delicias,Girardot,Aragua
Cumanacoa,Montes,Sucre
Tacarigua de la Laguna,Pez,Miranda
Mario Briceo Iragorry,Mario Briceo Iragorry,Aragua
Temerla,Nirgua,Yaracuy
Potreritos,La Caada de Urdaneta,Zulia
Sucre,Sucre,Yaracuy
San Diego,San Diego,Carabobo
Sabana de Piedra,Caripe,Monagas
Manuel Guanipa Matos,Baralt,Zulia
Jos Rafael Revenga,Jos Rafael Revenga,Aragua
Jos Flix Ribas,Jos Flix Ribas,Aragua
La Guanota,Caripe,Monagas
San Joaqun,San Joaqun,Carabobo
Aricagua,Montes,Sucre
Las Brisas,Cristbal Rojas,Miranda
Camacaro,Torres,Lara
Mariara,Diego Ibarra,Carabobo
Naguanagua,Naguanagua,Carabobo
Aguas Calientes,Diego Ibarra,Carabobo
Los Tacariguas,Girardot,Aragua
Arvelo Gonzlez,Acevedo,Miranda
Arenas,Montes,Sucre
Ral Leoni,Sucre,Sucre
Andrs Eloy BLanco,Girardot,Aragua
Rafael Mara Baralt,Simn Bolvar,Zulia
Castor Nieves Ros,Jos Flix Ribas,Aragua
Urachiche,Urachiche,Yaracuy
Yagua,Guacara,Carabobo
Simn Bolvar,Bejuma,Carabobo
Marizapa,Acevedo,Miranda
Paracotos,Guaicaipuro,Miranda
Montaa Verde,Torres,Lara
Aragita,Acevedo,Miranda
Campo Elas,Bruzual,Yaracuy
Arstides Bastidas,Arstides Bastidas,Yaracuy
Santos Michelena,Santos Michelena,Aragua
Bolvar,Bolvar,Aragua
Teresn,Caripe,Monagas
La Pica,Maturn,Monagas
Manuel Manrique,Simn Bolvar,Zulia
Caa de Azcar,Mario Briceo Iragorry,Aragua
Alfredo Pacheco Miranda,Santiago Mario,Aragua
Guanta,Guanta,Anzotegui
Santa Fe,Sucre,Sucre
San Lorenzo,Montes,Sucre
Cartanal,Independencia,Miranda
Sixto Zambrano,Rosario de Perij,Zulia
La Trinidad,La Trinidad,Yaracuy
Mara de San Jos,Girardot,Aragua
Charallave,Cristbal Rojas,Miranda
Chorrern,Guanta,Anzotegui
Cocollar,Montes,Sucre
Santa Teresa del Tuy,Independencia,Miranda
Bolvar,Bolvar,Monagas
Libertador,Lagunillas,Zulia
Puerto La Cruz,Juan Antonio Sotillo,Anzotegui
Ribas,Acevedo,Miranda
Montalbn,Montalbn,Carabobo
Las Mercedes,Torres,Lara
San Francisco,Acosta,Monagas
Espinoza de los Monteros,Torres,Lara
Alonso de Ojeda,Lagunillas,Zulia
El Cumbo,Andrs Bello,Miranda
San Agustn,Caripe,Monagas
Tocuyito,Libertador,Carabobo
Panaquire,Acevedo,Miranda
San Antonio de Yare,Simn Bolvar,Miranda
Lecheras,Diego Bautista Urbaneja,Anzotegui
Jos Casanova,Girardot,Aragua
San Francisco de Yare,Simn Bolvar,Miranda
Bejuma,Bejuma,Carabobo
Pozuelos,Juan Antonio Sotillo,Anzotegui
Samn de Gere,Santiago Mario,Aragua
Tcata,Guaicaipuro,Miranda
Joaqun Crespo,Girardot,Aragua
Castaeda,Torres,Lara
Campo Lara,Lagunillas,Zulia
El Gucharo,Caripe,Monagas
Bartolom de Las Casas,Machiques de Perij,Zulia
Ca,Urdaneta,Miranda
Pea,Pea,Yaracuy
El Cuj,Iribarren,Lara
Santiago Mario,Santiago Mario,Aragua
San Joaqun,San Joaqun,Carabobo
Cpira,Pedro Gual,Miranda
San Jos,Valencia,Carabobo
El Morro,Diego Bautista Urbaneja,Anzotegui
Caripe,Caripe,Monagas
Nirgua,Nirgua,Yaracuy
Ciudad Alianza,Guacara,Carabobo
Pedro Jos Ovalles,Girardot,Aragua
Las Guacamayas,Jos Flix Ribas,Aragua
Bruzual,Bruzual,Yaracuy
Miranda,Miranda,Carabobo
Salom,Nirgua,Yaracuy
Francisco Linares Alcntara,Francisco Linares Alcntara,Aragua
El Guapo,Pez,Miranda
Zuata,Jos Flix Ribas,Aragua
El Carmen,Simn Bolvar,Anzotegui
Francisco de Miranda,Francisco Linares Alcntara,Aragua
Tiara,Santos Michelena,Aragua
Altagracia de la Montaa,Guaicaipuro,Miranda
Los Guayos,Los Guayos,Carabobo
Jos Feliciano Gonzlez,Francisco Linares Alcntara,Aragua
Sucre,Sucre,Aragua
Palo Negro,Libertador,Aragua
Unin,Iribarren,Lara
San Martn de Porres,Libertador,Aragua
San Cristbal,Simn Bolvar,Anzotegui
Ocumare del Tuy,Lander,Miranda
Santa Brbara,Lander,Miranda
Venezuela,Lagunillas,Zulia
Pao de Zrate,Jos Flix Ribas,Aragua
San Blas,Valencia,Carabobo
Catedral,Valencia,Carabobo
Jos ngel Lamas,Jos ngel Lamas,Aragua
El Socorro,Valencia,Carabobo
Guanaguana,Piar,Monagas
Acosta,Acosta,Monagas
Rafael Urdaneta,Valencia,Carabobo
Gige,Carlos Arvelo,Carabobo
Santa Rosa,Valencia,Carabobo
Candelaria,Valencia,Carabobo
Miguel Pea,Valencia,Carabobo
Gige,Carlos Arvelo,Carabobo
Punceres,Punceres,Monagas
Gige,Carlos Arvelo,Carabobo
Naricual,Simn Bolvar,Anzotegui
Juan de Villegas,Iribarren,Lara
Catedral,Iribarren,Lara
Nueva Ca,Urdaneta,Miranda
Boca de Uchire,San Juan de Capistrano,Anzotegui
Bella Vista,Sucre,Aragua
Magdaleno,Zamora,Aragua
Libertador,Pedro Mara Freites,Anzotegui
Jos Antonio Pez,Jos Antonio Pez,Yaracuy
Piar,Piar,Monagas
Santa Rosa,Iribarren,Lara
Cachipo,Punceres,Monagas
Magdaleno,Zamora,Aragua
Coronel Mariano Peraza,Jimnez,Lara
Boca de Chvez,San Juan de Capistrano,Anzotegui
Magdaleno,Zamora,Aragua
Gige,Carlos Arvelo,Carabobo
Magdaleno,Zamora,Aragua
Tintorero,Jimnez,Lara
Augusto Mijares,Zamora,Aragua
Gige,Carlos Arvelo,Carabobo
Sucre,Fernando de Pealver,Anzotegui
San Francisco de Ass,Zamora,Aragua
Valles del Tucutunemo,Zamora,Aragua
Zamora,Zamora,Aragua
Luis Beltrn Prieto Figueroa,Pedernales,Delta Amacuro
San Andrs,Pea,Yaracuy
Pedernales,Pedernales,Delta Amacuro
Donaldo Garca,Rosario de Perij,Zulia
Bergantn,Simn Bolvar,Anzotegui
Areo,Cedeo,Monagas
Puerto Pritu,Fernando de Pealver,Anzotegui
Santa Ins,Libertad,Anzotegui
Gige,Carlos Arvelo,Carabobo
Tacarigua,Carlos Arvelo,Carabobo
La Democracia,Lander,Miranda
San Flix,Cedeo,Monagas
San Sebastin,San Sebastin,Aragua
Antonio Daz,Torres,Lara
La Victoria,Valmore Rodrguez,Zulia
Aparicio,Piar,Monagas
Sabana de Uchire,Manuel Ezequiel Bruzual,Anzotegui
El Pinto,Piar,Monagas
San Jos de Perij,Machiques de Perij,Zulia
Cabudare,Palavecino,Lara
Tinaquillo,Falcn,Cojedes
Concepcin,Iribarren,Lara
Pritu,Pritu,Anzotegui
San Casimiro,San Casimiro,Aragua
Giripa,San Casimiro,Aragua
El Pilar,Simn Bolvar,Anzotegui
Juan Bautista Rodrguez,Jimnez,Lara
Independencia,Libertador,Carabobo
Clarines,Manuel Ezequiel Bruzual,Anzotegui
Maturn,Maturn,Monagas
Altagracia de Orituco,Jos Tadeo Monagas,Gurico
Agua Viva,Palavecino,Lara
Los Caprichos,Jos Felipe Mrquez Caizales,Trujillo
Jos Gregorio Bastidas,Palavecino,Lara
Manuel Morillo,Torres,Lara
Taguaya,Piar,Monagas
Valle Morn,San Casimiro,Aragua
Rafael Urdaneta,Valmore Rodrguez,Zulia
Beln,Carlos Arvelo,Carabobo
Ollas de Caramacate,San Casimiro,Aragua
Guanape,Manuel Ezequiel Bruzual,Anzotegui
Chaguaramal,Piar,Monagas
Negro Primero,Valencia,Carabobo
Jurez,Iribarren,Lara
Caigua,Simn Bolvar,Anzotegui
Buria,Simn Planas,Lara
Cedeo,Cedeo,Monagas
San Francisco de Macaira,Jos Tadeo Monagas,Gurico
Bolvar,Morn,Lara
San Miguel,Fernando de Pealver,Anzotegui
Lara,Torres,Lara
Santa Brbara,Francisco del Carmen Carvajal,Anzotegui
San Juan de los Morros,Juan Germn Roscio,Gurico
San Rafael de Orituco,Jos Tadeo Monagas,Gurico
Soublette,Jos Tadeo Monagas,Gurico
Carmen de Cura,Camatagua,Aragua
Taguay,Urdaneta,Aragua
La ToscAna,Piar,Monagas
San Jos de Guaribe,San Jos de Guaribe,Gurico
Jos Bernardo Durante,Jimnez,Lara
Juan Milln,Tucupita,Delta Amacuro
Valle de Guanape,Francisco del Carmen Carvajal,Anzotegui
Juan ngel Bravo,San Carlos,Cojedes
San Mateo,Libertad,Anzotegui
Boquern,Maturn,Monagas
Buena Vista,Iribarren,Lara
Pueblo Nuevo,Baralt,Zulia
Sarare,Simn Planas,Lara
Urica,Pedro Mara Freites,Anzotegui
San Lorenzo de Tiznados,Ortz,Gurico
San Miguel,Jimnez,Lara
El Carito,Libertad,Anzotegui
Morn,Morn,Lara
Cuara,Jimnez,Lara
Camatagua,Camatagua,Aragua
El Socorro,Jos Felipe Mrquez Caizales,Trujillo
Macapo,Lima Blanco,Cojedes
Las Cocuizas,Maturn,Monagas
San Timoteo,Baralt,Zulia
Manuel Manrique,San Carlos,Cojedes
Virgen del Valle,Tucupita,Delta Amacuro
Jos Vidal Marcano,Tucupita,Delta Amacuro
Cecilio Zubillaga,Torres,Lara
San Francisco,Pritu,Anzotegui
Viento Fresco,Cedeo,Monagas
Santa Rosa,Pedro Mara Freites,Anzotegui
El Pao,Pao de San Juan Bautista,Cojedes
Diego de Losada,Jimnez,Lara
Paseo Real de Macaira,Jos Tadeo Monagas,Gurico
Jusepn,Maturn,Monagas
Juan de Mata Surez,Anzotegui,Cojedes
San Pablo,Juan Manuel Cajigal,Anzotegui
Cantagallo,Juan Germn Roscio,Gurico
La Aguadita,Lima Blanco,Cojedes
Torres,Torres,Lara
Santa Cruz,Carache,Trujillo
Araure,Araure,Portuguesa
Libertad,Baralt,Zulia
San Carlos de Austria,San Carlos,Cojedes
Parapara,Juan Germn Roscio,Gurico
Panamericana,Carache,Trujillo
Paraso de San Jos,Jimnez,Lara
Cuicas,Carache,Trujillo
Antonio Jos de Sucre,Jos Felipe Mrquez Caizales,Trujillo
Gustavo Vegas Len,Simn Planas,Lara
Po Tamayo,Andrs Eloy BLanco,Lara
San Simn,Maturn,Monagas
Onoto,Juan Manuel Cajigal,Anzotegui
Chejend,Candelaria,Trujillo
Santa Cruz,Maturn,Monagas
San Vicente,Maturn,Monagas
Ezequiel Zamora,Ezequiel Zamora,Monagas
Ro Negro,Machiques de Perij,Zulia
Alto de los Godos,Maturn,Monagas
General en Jefe Jos Laurencio Silva,Tinaco,Cojedes
Lezama,Jos Tadeo Monagas,Gurico
San Rafael de Onoto,San Rafael de Onoto,Portuguesa
Yacamb,Andrs Eloy BLanco,Lara
La Esperanza,Andrs Bello,Trujillo
El Furrial,Maturn,Monagas
General Urdaneta,Baralt,Zulia
Carache,Carache,Trujillo
El Corozo,Maturn,Monagas
Aragua,Aragua,Anzotegui
Humocaro Bajo,Morn,Lara
San Francisco de Tiznados,Ortz,Gurico
Manuel Salvador Ulloa,Candelaria,Trujillo
Marcelino Briceo,Baralt,Zulia
Valerita,Miranda,Trujillo
El Tejero,Ezequiel Zamora,Monagas
Chaguaramas,Chaguaramas,Gurico
Gurico,Morn,Lara
San Francisco de Cara,Urdaneta,Aragua
Las Peitas,Urdaneta,Aragua
Santa Brbara,Santa Brbara,Monagas
San Rafael de Laya,Jos Flix Ribas,Gurico
El Sombrero,Julin Mellado,Gurico
Agua BLanca,Agua BLanca,Portuguesa
Aguas Calientes,Miranda,Trujillo
Santa Isabel,Andrs Bello,Trujillo
Quebrada Honde de Guache,Andrs Eloy BLanco,Lara
Anzotegui,Morn,Lara
San Jos,Candelaria,Trujillo
Humocaro Alto,Morn,Lara
San Jos de Unare,Zaraza,Gurico
Arnoldo Gabaldn,Candelaria,Trujillo
Bolivia,Candelaria,Trujillo
Thermo Morles,San Rafael de Onoto,Portuguesa
Cojedes,Anzotegui,Cojedes
Ortz,Ortz,Gurico
Araguaney,Andrs Bello,Trujillo
Ro Acargua,Araure,Portuguesa
El Jaguito,Andrs Bello,Trujillo
Carrillo,Candelaria,Trujillo
Encontrados,Catatumbo,Zulia
La Paz,Pampn,Trujillo
Valle de la Pascua,Leonardo Infante,Gurico
Flor de Patria,Pampn,Trujillo
La Ceiba,La Ceiba,Trujillo
Santa Fe,San Rafael de Onoto,Portuguesa
Rmulo Gallegos,Rmulo Gallegos,Cojedes
Pampn,Pampn,Trujillo
Manuel Renaud,Antonio Daz,Delta Amacuro
Urdaneta,Urdaneta,Aragua
Tucupido,Jos Flix Ribas,Gurico
Tres de Febrero,La Ceiba,Trujillo
Cegarra,Candelaria,Trujillo
El Paraso,Sucre,Trujillo
Anaco,Anaco,Anzotegui
San Joaqun,Anaco,Anzotegui
La Concepcin,Carache,Trujillo
Hilario Luna y Luna,Morn,Lara
Cantaura,Pedro Mara Freites,Anzotegui
Aguasay,Aguasay,Monagas
Zaraza,Zaraza,Gurico
Pez,Pez,Portuguesa
El Cenizo,Miranda,Trujillo
Pimpinela,Pez,Portuguesa
Monseor Jos Vicente de Unda,Monseor Jos Vicente de Unda,Portuguesa
Jalisco,Motatn,Trujillo
Bari,Jess Mara Semprm,Zulia
Santa Ana,Pampn,Trujillo
La Estancia,Ospino,Portuguesa
Leonardo Ruz Pineda,Tucupita,Delta Amacuro
Libertad de Cojedes,Ricaurte,Cojedes
Payara,Pez,Portuguesa
Pea Blanca,Monseor Jos Vicente de Unda,Portuguesa
Agua Santa,Miranda,Trujillo
Junn,Sucre,Trujillo
San Jos de Tiznados,Ortz,Gurico
Libertad de Orituco,Jos Tadeo Monagas,Gurico
El Progreso,La Ceiba,Trujillo
El Dividive,Miranda,Trujillo
San Rafael,Tucupita,Delta Amacuro
Campo Elas,Juan Vicente Campo Elas,Trujillo
San Miguel,Bocon,Trujillo
Ramn Peraza,Pez,Portuguesa
Aparicin,Ospino,Portuguesa
Santa Apolonia,La Ceiba,Trujillo
Valmore Rodrguez,Sucre,Trujillo
Pampanito,Pampanito,Trujillo
Pampanito II,Pampanito,Trujillo
Santa Ana,Santa Ana,Anzotegui
La Candelaria,Morn,Lara
Burbusay,Bocon,Trujillo
Sabana Grande,Bolvar,Trujillo
Esteller,Esteller,Portuguesa
Sabana de Mendoza,Sucre,Trujillo
Canelones,Turn,Portuguesa
Toms Alfaro Calatrava,Sir Arthur Mc Gregor,Anzotegui
Jos Leonardo Surez,San Rafael de Carvajal,Trujillo
Tabasca,Libertador,Monagas
Las Alhuacas,Libertador,Monagas
Cruz Carrillo,Trujillo,Trujillo
El Bao,Motatn,Trujillo
La Concepcin,Pampanito,Trujillo
Guanare,Guanare,Portuguesa
Cruz Carrillo,Trujillo,Trujillo
San Jos de Saguas,Sucre,Portuguesa
Santa Cruz,Turn,Portuguesa
Granados,Bolvar,Trujillo
Motatn,Motatn,Trujillo
El Amparo,Ricaurte,Cojedes
Cristbal Mendoza,Trujillo,Trujillo
Crdoba,Guanare,Portuguesa
Betijoque,Rafael Rangel,Trujillo
San Jos de la Montaa,Guanare,Portuguesa
La Pueblita,Rafael Rangel,Trujillo
Jos Gregorio Hernndez,Rafael Rangel,Trujillo
Arnoldo Gabaldn,Juan Vicente Campo Elas,Trujillo
Cheregue,Bolvar,Trujillo
Ospino,Ospino,Portuguesa
Sucre,Sucre,Portuguesa
Turn,Turn,Portuguesa
Villa Rosa,Sucre,Portuguesa
El Chaparro,Sir Arthur Mc Gregor,Anzotegui
Matrz,Trujillo,Trujillo
Antonio Nicols Briceo,San Rafael de Carvajal,Trujillo
Rafael Rangel,Bocon,Trujillo
Santa Mara del Horcn,Monte Carmelo,Trujillo
La Unin,Escuque,Trujillo
Sabana Libre,Escuque,Trujillo
San Rafael de Palo Alzao,Sucre,Portuguesa
Ayacucho,Bocon,Trujillo
Chiquinquir,Trujillo,Trujillo
Los Cedros,Rafael Rangel,Trujillo
San Luis,Valera,Trujillo
Carvajal,San Rafael de Carvajal,Trujillo
Gibraltar,Sucre,Zulia
Sosa,Julin Mellado,Gurico
Campo Alegre,San Rafael de Carvajal,Trujillo
Monseor Carrillo,Trujillo,Trujillo
Pueblo Nuevo,Santa Ana,Anzotegui
Santa Rita,Escuque,Trujillo
Andrs Linares,Trujillo,Trujillo
Mercedes Daz,Valera,Trujillo
Buena Vista,Monte Carmelo,Trujillo
Juan Ignacio Montilla,Valera,Trujillo
Mosquey,Bocon,Trujillo
Bocon,Bocon,Trujillo
Monseor Argimiro Garca,Tucupita,Delta Amacuro
Escuque,Escuque,Trujillo
Rmulo Gallegos,Sucre,Zulia
El Carmen,Bocon,Trujillo
Beatriz,Valera,Trujillo
Concepcin,Sucre,Portuguesa
Temblador,Libertador,Monagas
La Vega de Guaramacal,Bocon,Trujillo
Santiago,Urdaneta,Trujillo
Padre Barral,Antonio Daz,Delta Amacuro
Mendoza,Valera,Trujillo
San Isidro Labrador,Turn,Portuguesa
Uvencio Antonio Velsquez,Sucre,Portuguesa
Monte Carmelo,Monte Carmelo,Trujillo
El Calvario,Francisco de Miranda,Gurico
Bobures,Sucre,Zulia
San Carlos del Zulia,Coln,Zulia
La Quebrada,Urdaneta,Trujillo
San Juan de Guanagua,Guanare,Portuguesa
Guardatinajas,Francisco de Miranda,Gurico
Guaramacal,Bocon,Trujillo
Cabimb,Urdaneta,Trujillo
Santa Rosala,Santa Rosala,Portuguesa
San Jos,Bocon,Trujillo
El Rastro,Francisco de Miranda,Gurico
El Batey,Sucre,Zulia
Las Mercedes,Las Mercedes,Gurico
Sucre,Girardot,Cojedes
Uveral,Esteller,Portuguesa
Calabozo,Francisco de Miranda,Gurico
Santa Brbara,Coln,Zulia
Independencia,Tulio Febres Cordero,Mrida
Cachipo,Aragua,Anzotegui
Uracoa,Uracoa,Monagas
Palmira,Julio Csar Salas,Mrida
Jaj,Urdaneta,Trujillo
San Genaro de Boconoito,San Genaro de Boconoito,Portuguesa
La Puerta,Valera,Trujillo
Monseor Juregui,Bocon,Trujillo
Heras,Sucre,Zulia
Jess Mara Semprm,Jess Mara Semprm,Zulia
San Jos,Tucupita,Delta Amacuro
El Socorro,El Socorro,Gurico
Tulio Febres Cordero,Tulio Febres Cordero,Mrida
Santos de Abelgas,Antonio Daz,Delta Amacuro
Mara de la Concepcin Palacios Blanco,Tulio Febres Cordero,Mrida
San Cristbal de Torondoy,Justo Briceo,Mrida
Heras,Sucre,Zulia
General Rivas,Bocon,Trujillo
Justo Briceo,Justo Briceo,Mrida
Mariscal Antonio Jos de Sucre,Tucupita,Delta Amacuro
Santa Mara de Ipire,Santa Mara de Ipire,Gurico
La Mesa,Urdaneta,Trujillo
Uribarri,Coln,Zulia
Piango,Miranda,Mrida
Tuame,Urdaneta,Trujillo
Florida,Santa Rosala,Portuguesa
Miranda,Miranda,Mrida
Simn Rodrguez,Francisco Javier Pulgar,Zulia
El Bal,Girardot,Cojedes
Rodrguez Domnguez,Alberto Arvelo Torrealba,Barinas
Masparrito,Cruz Paredes,Barinas
Papeln,Papeln,Portuguesa
Santa Polonia,Tulio Febres Cordero,Mrida
Calderas,Bolvar,Barinas
Pueblo Llano,Pueblo Llano,Mrida
Las Piedras,Cardenal Quintero,Mrida
Virgen de la Coromoto,Guanare,Portuguesa
Santa Cruz del Zulia,Coln,Zulia
Soledad,Independencia,Anzotegui
Simn Rodrguez,Simn Rodrguez,Anzotegui
Pariagun,Francisco de Miranda,Anzotegui
El Pao de Barcelona,Francisco de Miranda,Anzotegui
Espino,Leonardo Infante,Gurico
Andrs Eloy BLanco,Miranda,Mrida
Curiapo,Antonio Daz,Delta Amacuro
San Jos de Guanipa,San Jos de Guanipa,Anzotegui
Caracciolo Parra Olmedo,Caracciolo Parra Olmedo,Mrida
San Rafael de Alczar,Obispo Ramos de Lora,Mrida
Carlos Quevedo,Francisco Javier Pulgar,Zulia
La Venta,Miranda,Mrida
Florencia Ramrez,Caracciolo Parra Olmedo,Mrida
El Socorro,Cruz Paredes,Barinas
Cao Delgadito,Papeln,Portuguesa
Moralito,Coln,Zulia
Barrancas,Cruz Paredes,Barinas
Altamira,Bolvar,Barinas
Cardenal Quintero,Cardenal Quintero,Mrida
Obispo Ramos de Lora,Obispo Ramos de Lora,Mrida
Antoln Tovar,San Genaro de Boconoito,Portuguesa
Sotillo,Sotillo,Monagas
San Rafael,Rangel,Mrida
Chaguaramas,Libertador,Monagas
La Toma,Rangel,Mrida
Atapirire,Francisco de Miranda,Anzotegui
Barinitas,Bolvar,Barinas
Rangel,Rangel,Mrida
Eloy Paredes,Obispo Ramos de Lora,Mrida
Udn Prez,Catatumbo,Zulia
Sabaneta,Alberto Arvelo Torrealba,Barinas
Mamo,Independencia,Anzotegui
Francisco Javier Pulgar,Francisco Javier Pulgar,Zulia
Gonzalo Picn Febres,Libertador,Mrida
Los Barrancos de Fajardo,Sotillo,Monagas
Andrs Bello,Andrs Bello,Mrida
Mucuruba,Rangel,Mrida
Trinidad de la Capilla,Guanarito,Portuguesa
Altamira,Santa Mara de Ipire,Gurico
Rmulo Gallegos,Casacoima,Delta Amacuro
San Diego de Cabrutica,Jos Gregorio Monagas,Anzotegui
Hctor Amable Mora,Alberto Adriani,Mrida
Jos Flix Ribas,Pedraza,Barinas
Guasimitos,Obispos,Barinas
Cacute,Rangel,Mrida
Francisco Aniceto Lugo,Antonio Daz,Delta Amacuro
Manuel Palacios Fajardo,Barinas,Barinas
Santos Marquina,Santos Marquina,Mrida
Milla,Libertador,Mrida
Alfredo Arvelo Larriva,Barinas,Barinas
Jos Nuceti Sardi,Alberto Adriani,Mrida
Palacio Fajardo,Rojas,Barinas
Divina Pastora,Guanarito,Portuguesa
Obispos,Obispos,Barinas
Guanarito,Guanarito,Portuguesa
Montalbn,Campo Elas,Mrida
Presidente Betancourt,Alberto Adriani,Mrida
Santa Rita de Manapire,Las Mercedes,Gurico
El Regalo,Sosa,Barinas
Lasso de La Vega,Libertador,Mrida
Jaj,Campo Elas,Mrida
Almirante Luis Brin,Antonio Daz,Delta Amacuro
Presidente Pez,Alberto Adriani,Mrida
Juan Bautista Arismendi,Casacoima,Delta Amacuro
Rmulo Betancourt,Barinas,Barinas
Alto Barinas,Barinas,Barinas
Pulido Mndez,Alberto Adriani,Mrida
Samuel Daro Maldonado,Samuel Daro Maldonado,Tchira
Santa Clara,Jos Gregorio Monagas,Anzotegui
Ciudad de Nutrias,Sosa,Barinas
Barinas,Barinas,Barinas
La Trampa,Sucre,Mrida
Chiguar,Sucre,Mrida
Dominga Ortz de Pez,Barinas,Barinas
El Carmen,Barinas,Barinas
Antonio Espinetti Dini,Libertador,Mrida
Mariano Picn Salas,Libertador,Mrida
Corazn de Jess,Barinas,Barinas
Ciudad Bolivia,Pedraza,Barinas
Osuna Rodrguez,Libertador,Mrida
Ramn Ignacio Mndez,Barinas,Barinas
Matrz,Campo Elas,Mrida
Arias,Libertador,Mrida
Rmulo Gallegos,Alberto Adriani,Mrida
La Mesa,Campo Elas,Mrida
Arismendi,Arismendi,Barinas
Santa Rosa,Rojas,Barinas
Juan Antonio Rodrguez Domnguez,Barinas,Barinas
Sagrario,Libertador,Mrida
Caracciolo Parra Prez,Libertador,Mrida
Manuel Piar,Casacoima,Delta Amacuro
Guadarrama,Arismendi,Barinas
El Llano,Libertador,Mrida
Gabriel Picn Gonzlez,Alberto Adriani,Mrida
Bocon,Samuel Daro Maldonado,Tchira
Andrs Bello,Antonio Jos de Sucre,Barinas
Jacinto Plaza,Libertador,Mrida
Domingo Pea,Libertador,Mrida
Juan Rodrguez Surez,Libertador,Mrida
Sucre,Sucre,Mrida
Cinco de Julio,Casacoima,Delta Amacuro
San Juan,Sucre,Mrida
Antonio Pinto Salinas,Antonio Pinto Salinas,Mrida
Los Nevados,Libertador,Mrida
Torunos,Barinas,Barinas
Cao El Tigre,Zea,Mrida
Fernndez Pea,Campo Elas,Mrida
El Morro,Libertador,Mrida
Imataca,Casacoima,Delta Amacuro
Mesa Bolvar,Antonio Pinto Salinas,Mrida
La Palmita,Panamericano,Tchira
Jos Antonio Pez,Garca de Hevia,Tchira
Padre Pedro Chien,Padre Pedro Chien,Bolvar
Zea,Zea,Mrida
Once de Abril,Caron,Bolvar
La Luz,Obispos,Barinas
El Real,Obispos,Barinas
Acequias,Campo Elas,Mrida
Estanquez,Sucre,Mrida
Pueblo Nuevo del Sur,Sucre,Mrida
Zuata,Jos Gregorio Monagas,Anzotegui
Dolores,Rojas,Barinas
Libertad,Rojas,Barinas
San Jos,Campo Elas,Mrida
Simn Bolvar,Caron,Bolvar
San Gernimo de Guayabal,San Gernimo de Guayabal,Gurico
Vista al Sol,Caron,Bolvar
Mesa de las Palmas,Antonio Pinto Salinas,Mrida
Yocoima,Caron,Bolvar
Piar,Piar,Bolvar
Boca de Grita,Garca de Hevia,Tchira
Tovar,Tovar,Mrida
Camagun,Camagun,Gurico
Panamericano,Panamericano,Tchira
Hernndez,Samuel Daro Maldonado,Tchira
San Silvestre,Barinas,Barinas
Ticoporo,Antonio Jos de Sucre,Barinas
Chirica,Caron,Bolvar
Emilio Constantino Guerrero,Juregui,Tchira
Aricagua,Aricagua,Mrida
Dalla Costa,Caron,Bolvar
Cachamay,Caron,Bolvar
Unare,Caron,Bolvar
Panapana,Heres,Bolvar
Simn Rodrguez,Simn Rodrguez,Tchira
El Amparo,Tovar,Mrida
Mucutuy,Arzobispo Chacn,Mrida
Santa Ins,Barinas,Barinas
San Judas Tadeo,San Judas Tadeo,Tchira
Garca de Hevia,Garca de Hevia,Tchira
La Unin,Arismendi,Barinas
Universidad,Caron,Bolvar
El Llano,Tovar,Mrida
Pozo Verde,Caron,Bolvar
Rivas Dvila,Rivas Dvila,Mrida
Gernimo Maldonado,Rivas Dvila,Mrida
Rivas Berti,Ayacucho,Tchira
Cazorla,San Gernimo de Guayabal,Gurico
San Francisco,Tovar,Mrida
Chacanta,Arzobispo Chacn,Mrida
Ro Negro,Guaraque,Mrida
Boca del Pao,Francisco de Miranda,Anzotegui
San Antonio,Arismendi,Barinas
El Molino,Arzobispo Chacn,Mrida
Guaraque,Guaraque,Mrida
Nicols Pulido,Antonio Jos de Sucre,Barinas
Uverito,Jos Gregorio Monagas,Anzotegui
Antonio Rmulo Costa,Antonio Rmulo Costa,Tchira
Cabruta,Las Mercedes,Gurico
Uverito,Camagun,Gurico
Piar,Jos Gregorio Monagas,Anzotegui
Monseor Miguel Antonio Salas,Juregui,Tchira
Mucuchach,Arzobispo Chacn,Mrida
San Antonio,Aricagua,Mrida
Santa Luca,Barinas,Barinas
Marhuanta,Heres,Bolvar
Seboruco,Seboruco,Tchira
Capuri,Arzobispo Chacn,Mrida
Juregui,Juregui,Tchira
Orinoco,Heres,Bolvar
Catedral,Heres,Bolvar
Arzobispo Chacn,Arzobispo Chacn,Mrida
Juan Pablo Pealoza,Uribante,Tchira
Agua SaLada,Heres,Bolvar
Santa Catalina,Sosa,Barinas
Uribante,Uribante,Tchira
La Sabanita,Heres,Bolvar
Vista Hermosa,Heres,Bolvar
Pedro Briceo Mndez,Ezequiel Zamora,Barinas
Mesa de Quintero,Guaraque,Mrida
Moitaco,Sucre,Bolvar
Jos Mara Vargas,Jos Mara Vargas,Tchira
San Pedro del Ro,Ayacucho,Tchira
Puerto de Nutrias,Sosa,Barinas
Jos Antonio Pez,Heres,Bolvar
Pez,Pedraza,Barinas
Ayacucho,Ayacucho,Tchira
Michelena,Michelena,Tchira
Andrs Eloy BLanco,Piar,Bolvar
Guaimaral,Arzobispo Chacn,Mrida
Bruzual,Muoz,Apure
Potos,Uribante,Tchira
Sifontes,Sifontes,Bolvar
Pedro Mara Urea,Pedro Mara Urea,Tchira
San Vicente,Muoz,Apure
Salom,Roscio,Bolvar
Zea,Heres,Bolvar
Francisco de Miranda,Francisco de Miranda,Tchira
Jos Ignacio del Pumar,Ezequiel Zamora,Barinas
Ral Leoni,Ral Leoni,Bolvar
Lobatera,Lobatera,Tchira
Sucre,Sucre,Tchira
Puerto Miranda,Camagun,Gurico
Mapire,Jos Gregorio Monagas,Anzotegui
Biruaca,Biruaca,Apure
Nueva Arcadia,Pedro Mara Urea,Tchira
Apurito,Achaguas,Apure
Mucuritas,Achaguas,Apure
Andrs Bello,Andrs Bello,Tchira
Constitucin,Lobatera,Tchira
Altagracia,Cedeo,Bolvar
Eleazar Lpez Contreras,Sucre,Tchira
Achaguas,Achaguas,Apure
Cipriano Castro,Libertad,Tchira
El Recreo,San Fernando,Apure
Padre Noguera,Padre Noguera,Mrida
San Fernando,San Fernando,Apure
Mantecal,Muoz,Apure
Gusimos,Gusimos,Tchira
Romn Crdenas,Independencia,Tchira
Crdenas,Uribante,Tchira
Independencia,Independencia,Tchira
Crdenas,Crdenas,Tchira
El Palotal,Bolvar,Tchira
San Pablo,Sucre,Tchira
Ramn Ignacio Mndez,Ezequiel Zamora,Barinas
Capacho Viejo,Libertad,Tchira
Queseras del Medio,Achaguas,Apure
Quintero,Muoz,Apure
Roscio,Roscio,Bolvar
Ascensin Farreras,Cedeo,Bolvar
La Florida,Crdenas,Tchira
Pedro Cova,Piar,Bolvar
Bolvar,Bolvar,Tchira
San Joaqun de Navay,Libertador,Tchira
Libertador,Libertador,Tchira
General Juan Vicente Gmez,Bolvar,Tchira
Amenodoro Rangel Lamus,Crdenas,Tchira
San Juan Bautista,San Cristbal,Tchira
Pealver,San Fernando,Apure
Manuel Felipe Rugeles,Libertad,Tchira
Juan Germn Roscio,Independencia,Tchira
Junn,Junn,Tchira
Dr. Francisco Romero Lobo,San Cristbal,Tchira
Las Majadas,Sucre,Bolvar
Pedro Mara Morantes,San Cristbal,Tchira
Aramendo,Pez,Apure
San Sebastin,San Cristbal,Tchira
La Concordia,San Cristbal,Tchira
Isaas Medina Angarita,Bolvar,Tchira
Fernndez Feo,Fernndez Feo,Tchira
Santo Domingo,Fernndez Feo,Tchira
San Juan de Payara,Pedro Camejo,Apure
Torbes,Torbes,Tchira
Rafael Urdaneta,Rafael Urdaneta,Tchira
El Callao,El Callao,Bolvar
Crdoba,Crdoba,Tchira
Cedeo,Cedeo,Bolvar
Bramn,Junn,Tchira
Santa Brbara,Ral Leoni,Bolvar
La Patrolia,Junn,Tchira
San Rafael de Atamaica,San Fernando,Apure
Doradas,Libertador,Tchira
Guarataro,Sucre,Bolvar
Cunaviche,Pedro Camejo,Apure
Sucre,Sucre,Bolvar
El Yagual,Achaguas,Apure
Quinimari,Junn,Tchira
Puerto Vivas,Andrs Eloy BLanco,Barinas
Alberto Adriani,Fernndez Feo,Tchira
San Francisco,Ral Leoni,Bolvar
Rincn Hondo,Muoz,Apure
Guasdualito,Pez,Apure
Aripao,Sucre,Bolvar
La Trinidad,Rmulo Gallegos,Apure
Guachara,Achaguas,Apure
Dalla Costa,Sifontes,Bolvar
La Urbana,Cedeo,Bolvar
Elorza,Rmulo Gallegos,Apure
Urdaneta,Pez,Apure
El Amparo,Pez,Apure
Barceloneta,Ral Leoni,Bolvar
Guaniamo,Cedeo,Bolvar
Pijiguaos,Cedeo,Bolvar
Codazzi,Pedro Camejo,Apure
San Isidro,Sifontes,Bolvar
Gran Sabana,Gran Sabana,Bolvar
Atures,Autnomo Atures,Amazonas
Manapiare,Autnomo Manapiare,Amazonas
Autana,Autnomo Autana,Amazonas
Ikabar,Gran Sabana,Bolvar
Atabapo,Autnomo Atabapo,Amazonas
Alto Orinoco,Autnomo Alto Orinoco,Amazonas
Maroa,Autnomo Maroa,Amazonas
Ro Negro,Autnomo Ro Negro,Amazonas
Ramn Ignacio Mndez,Ezequiel Zamora,Barinas
Ignacio Briceo,Pedraza,Barinas
El Cantn,Andrs Eloy BLanco,Barinas
Emeterio Ochoa,Libertador,Tchira
Santa Cruz de Guacas,Andrs Eloy BLanco,Barinas
San Camilo,Pez,Apure
Monagas,Almirante Padilla,Zulia
IsLa de Toas,Almirante Padilla,Zulia
Zona en Reclamacin,Zona en Reclamacin,Z. Reclamacin
